{
    "loss": 2.179832935333252,
    "accuracy": 0.6034482717514038
}