{
    "loss": 2.3641257286071777,
    "accuracy": 0.6465517282485962
}